id,price
0,202.95599898881173
2,146.01367895330202
5,120.96589397614989
18,120.3993050778664
19,175.34722466870974
23,116.89530015704818
24,431.27132879299864
25,136.97703088872424
30,147.74463476398452
31,112.47531016343893
47,116.63099040021189
61,109.59918856037595
64,373.49786016508864
66,113.15077208085775
71,58.40272755010677
81,244.2742688379136
82,143.67980699096847
88,211.8044386616145
96,207.40545595197432
116,174.92607415865263
120,460.2044254185019
123,234.31302897884552
124,275.13302210462405
147,147.54969030742078
161,203.75861751782782
171,65.22051439846062
172,218.38571007689768
173,122.42921878433225
175,336.1074735727443
176,263.62256023781055
180,261.27970707717753
181,318.90308413873055
182,219.98689982214702
187,78.07003973529103
188,60.515083708933666
197,95.21886745438663
202,324.35651200080116
213,99.73227576665504
225,143.15114301213987
238,137.68073243579417
260,130.61577829248867
268,310.16363976742986
269,172.45185309735945
273,51.57139557073759
275,241.01992257145412
282,85.00820245219086
297,175.0571192848262
299,131.06596362525954
301,60.362137106086394
305,197.48284615404543
312,36.87102686401794
320,51.406354001869175
324,128.34794698796767
328,328.6770604836338
343,99.82935988244516
347,345.4853065689061
348,306.001491519379
349,296.3350072758881
361,473.4171073050278
369,176.60418053516767
392,247.0291788547339
397,127.39442803012058
401,144.49426191877578
402,134.00512441777278
406,189.63945792084638
413,85.59559040525194
416,60.488771164722614
426,165.16110890098963
429,475.3554635748154
450,261.63684405776354
455,225.8217122431824
479,216.10625736973313
481,290.82037012627814
485,292.27693230110066
492,314.1943241890382
493,204.95734092044725
498,146.1089100521152
501,99.88641115833737
519,121.29463481245482
522,91.57595612842479
524,140.93942806248413
525,221.90392015022718
526,378.6774845476015
528,305.0895583144673
531,79.48757882106223
532,149.56383382136727
536,316.65372301711295
540,234.4515468321813
561,263.96988481420584
563,84.81639053667693
567,228.99888861353188
572,147.23899835164667
574,61.69880767614687
579,306.3233954821205
588,101.70556789198065
595,162.90512195292905
599,102.31406436247075
603,111.3646159838283
621,52.64066108998377
623,437.3891895643874
626,92.69476067642631
628,99.98079310890685
640,54.036883131439254
643,319.5864236059831
648,147.7925574622538
655,338.47999585551156
658,264.5769575442135
659,80.96438132174733
660,127.34278598851755
662,269.7340205204385
667,150.19803397386212
668,104.41844644602479
672,98.12253447040143
673,82.71579656855347
676,221.62632416601744
678,315.57063731287536
682,156.38145933101725
684,217.7913026831163
686,125.08490363071044
689,225.86532548955873
694,109.7180154921146
696,111.76073610305585
704,309.2217233275124
710,109.18361308695341
728,310.9583966142366
739,123.49710705890908
740,131.97651319252543
742,127.58595724901926
744,260.45028961406734
764,164.74406006515466
765,71.13948439661159
780,297.6720968410461
789,45.9713072608506
794,400.74947211572106
798,142.4731368373733
811,126.69440457368117
818,189.9484911119787
821,394.13002614169494
835,156.90261175621183
845,95.34134328376706
848,44.802690402638206
850,276.76710698965354
867,90.10706949516798
870,242.25029970380766
872,323.50789591616183
874,164.41449518143668
882,99.6459687855321
897,160.52193372478868
901,96.84327144785733
906,312.8473359200316
913,56.98259562556602
915,136.8325585271021
916,43.939803007874204
930,138.51490767174727
932,296.4161852143367
933,297.397762438358
942,302.4350016598353
944,316.7844227546948
960,51.633460471851905
966,144.2876223018175
969,135.7662697976291
975,150.25499162096398
981,147.42435330110268
987,463.52139266858546
996,213.87397520995233
1001,97.07568787775097
1005,82.91031503881335
1011,252.90982483892037
1013,136.3580071971149
1023,151.80993811331103
1026,262.12758121037723
1032,89.39594781433333
1035,74.35422497850512
1040,327.8831250055447
1058,144.69467815264187
1063,356.0247555663415
1064,276.968853652593
1068,309.34108576338417
1072,146.53266880592565
1080,236.70440993008194
1089,338.85548578798836
1090,333.7679613349335
1096,203.07562665502218
1101,117.26362136260752
1107,448.95180453168945
1112,322.7011816744328
1124,79.7598592142483
1125,274.22306060653943
1127,173.3293579908971
1128,95.80127015713602
1134,292.3402459432254
1138,260.1975527285831
1139,339.45049213874097
1159,77.67281021582241
1162,129.54195977570265
1169,197.8235015051591
1174,141.05507850947996
1185,234.31980898661942
1188,168.32067324722846
1209,224.95109974020406
1211,274.09509656351014
1228,343.84465633152337
1229,167.74611462842643
1230,141.56867303770815
1239,173.23268062273004
1243,132.7097318611332
1247,128.78472572453015
1265,154.24265101212717
1266,221.28143668521773
1272,437.00667374414445
1274,83.79460653157044
1278,347.21692022622267
1281,117.25861654308312
1284,86.00600740652146
1290,313.11582653295267
1293,251.49445636011708
1301,303.41550986476733
1307,57.12132647979031
1309,248.3576779802913
1325,248.23008863728072
1333,159.28712325340126
1335,211.99058410244356
1359,92.8563891630298
1361,237.25906482085145
1362,105.83982644748102
1368,352.0297739402432
1370,210.1728398685476
1381,148.47793721452177
1386,339.5442423355199
1387,115.36382793960777
1389,289.91161662298293
1406,316.33686856836255
1411,187.5155024327154
1416,372.1426384759651
1422,95.70906394851909
1425,323.12414325155055
1431,178.33531349790502
1436,70.58999597503106
1442,76.00528007241562
1450,206.08967444815144
1453,127.86769751369987
1463,243.55458575221965
1471,365.23056951066286
1473,236.13585775553832
1474,152.6727989252569
1483,112.76937525771865
1485,340.6572499803744
1489,195.11871878274223
1495,130.08038055187606
1500,181.14692449880505
1502,60.93956072457595
1505,346.85721677243737
1508,113.10835389391161
1516,130.30016748287065
1517,92.11466604217354
1525,283.50500737491967
1531,155.66714162248599
1532,289.6154101452469
1535,140.34357791197908
1539,109.52701303547907
1545,109.63149338638385
1560,295.4010433089518
1562,131.62247764856636
1568,100.33915514667423
1572,107.1612280077828
1577,362.87034875975934
1579,339.04549871051046
1582,55.00874266637674
1584,198.50408359571594
1586,196.6709296652799
1588,370.563733773016
1593,318.58581023383846
1594,121.86507337972394
1602,96.8412000762504
1610,301.43986194663665
1627,125.19437228295837
1635,145.27624890254327
1640,149.81421749175894
1646,243.34476472120082
1660,327.13456391091876
1684,147.27636513225366
1696,117.74385139802384
1708,91.44750583079247
1711,142.12162324256323
1712,123.17557180189108
1715,140.1344686567611
1722,491.5059213275122
1729,274.39770238309717
1735,70.75233275683013
1738,225.0676715348572
1740,210.92585810326628
1741,164.7227043508063
1752,63.49198251638312
1755,154.6459942271084
1759,132.0338020225994
1764,173.19591308963086
1772,426.23735095892135
1780,422.09545573004806
1785,215.66083869807179
1790,201.1304893407887
1791,228.19616515680553
1792,214.57833018083852
1810,150.53154685706895
1813,240.55790672265363
1820,121.59470822123298
1822,129.2674859334596
1836,131.6028743802378
1849,97.98979074946496
1852,140.68272222671612
1856,69.18141799698903
1877,167.87329565337154
1884,262.78656313187514
1886,210.43223824069196
1887,145.959754368685
1898,133.24048189961098
1901,290.9574810756186
1904,89.56410697567274
1905,127.56579474084205
1918,356.92321423259597
1919,144.29966081694772
1925,460.3321778895096
1934,80.73664484040067
1935,170.95748376425664
1939,87.48338823496594
1947,147.559322313361
1949,144.87811436583033
1951,146.0229494833139
1960,161.06615416422972
1962,64.11169282186556
1968,65.37581175425053
1974,116.12079491795738
1975,211.35737433885495
1979,187.4329500109733
1981,239.24666522423666
1989,143.72769452514322
1990,129.0589289200685
1992,111.81341600956839
1995,176.88408029615042
2000,123.96823278955634
2002,202.35945285005744
2003,197.94163358187438
2008,388.07012584375593
2010,335.52710212669393
2014,173.0291009583316
2028,123.12098810052616
2035,74.62342814418624
2065,181.48415646360706
2079,332.73466722493225
2085,134.698476573656
2086,155.1688374969328
2097,171.8771536407326
2098,336.5712209350409
2099,94.20647958538808
2104,373.8444264126141
2122,93.27941400901713
2127,135.91256627792583
2130,276.17854308302645
2134,239.26168764449642
2136,106.5537210022228
2137,307.8674375546978
2138,94.94549649962667
2144,52.04917079877045
2146,102.88467168327459
2152,373.17340686970283
2154,192.18675188491858
2161,115.95505620088248
2172,289.6878879779974
2176,77.49608124380774
2186,122.73879713825659
2188,245.76065080615845
2207,246.94856991601404
2217,199.1273073103374
2232,108.5778737127752
2241,170.7984888093456
2244,345.2159604430639
2250,177.73316217168366
2262,339.8079324569899
2266,349.70218615098423
2279,249.94362334840372
2280,82.20345785341696
2285,163.74229396266057
2289,76.07255650985995
2290,215.76275673627785
2299,265.0487783712324
2309,146.53326906685794
2310,431.4394097119213
2311,389.9572066852628
2312,167.80917518094066
2314,116.74523895841348
2316,198.73190055361593
2328,75.78229103228806
2333,126.65255103975646
2335,227.6089047294501
2352,137.4109855642043
2353,315.5502806085614
2358,235.5476606256246
2361,122.57706340187282
2370,166.20210215716656
2374,146.34437925450382
2382,237.70710107650095
2383,103.288444424466
2388,235.73916839139528
2389,182.63070076696425
2394,169.54071238686618
2398,295.038897379974
2399,73.9042779465947
2401,214.92422570312584
2402,289.81254031091873
2408,98.382262946088
2415,214.56706350906657
2418,346.5324283956627
2426,118.26769466903352
2427,95.24116116422488
2437,252.8168222833263
2438,140.91918604665284
2439,141.237717395876
2444,135.87804750356503
2455,229.70773687886387
2458,218.46094187774943
2462,45.87381609844208
2463,150.12758684946098
2467,284.48938402812166
2468,162.786988450496
2469,37.99134915893043
2473,113.35833185806715
2483,70.09522443328203
2493,149.44940008437493
2494,276.6131107829205
2522,181.01950962511506
2529,83.80342640484186
2536,120.98249313378514
2538,47.20533317238611
2540,195.6822429438343
2553,462.2252010560657
2560,120.42923296168215
2583,33.80749074044529
2584,442.25171469515755
2595,153.13670480389737
2611,143.30406461513945
2613,131.7162486604639
2614,203.89845968934907
2617,79.07011173675943
2622,166.66686526737809
2626,65.84464526398557
2630,140.06772809461663
2634,390.046219156915
2636,87.94497240887122
2639,135.13781591646332
2648,175.8352271963593
2651,120.3278121790274
2654,122.23946235104326
2657,261.44417410009953
2658,277.12337805668176
2664,241.19023596040668
2667,141.65397888409146
2670,179.4296045808725
2676,84.66319542339278
2680,138.39826155792682
2682,429.3759064739954
2683,230.12812600114296
2688,235.07334641634597
2692,99.29332421639658
2704,278.3963191057351
2719,147.67746834221677
2720,135.11311526475933
2721,246.717799049648
2727,201.40195284480617
2731,87.17101189335649
2754,49.355194116513076
2755,272.603851020314
2757,100.64080596962283
2771,198.54491084142822
2773,74.23972315249011
2776,278.04587476299815
2780,236.9560302940163
2786,109.7040340186307
2789,75.07827127999269
2801,145.27374869110574
2810,342.17625213785135
2817,282.8506965495746
2818,370.1480264028845
2823,61.88527340163685
2829,204.47637013008003
2830,146.6186318550976
2832,173.28874623664038
2833,260.49805295813184
2834,204.72611369986853
2837,187.0446066691063
2838,18.878194073849105
2839,57.00726895175321
2845,143.50501158458707
2854,391.60482421674726
2857,173.87051117649565
2860,247.3454717705613
2861,127.80395087322134
2866,397.28362548859883
2872,331.0183298792664
2875,139.91618025302384
2879,155.86281110402854
2883,127.18894432759141
2896,294.40852276580773
2899,241.65743706225896
2901,145.60835852075462
2908,223.4856695530903
2909,74.72777249553903
2915,366.36149580761116
2919,87.77593796644378
2925,82.49887939188721
2933,92.3851332702663
2944,275.5816079864778
2949,116.48951752403231
2950,161.1094447788432
2951,109.0667596947931
2959,357.4559041819133
2961,335.62841494008876
2963,128.82340723287504
2976,133.3429764606067
2986,146.15961506748405
2987,133.75847053565633
2992,262.3270574699987
2997,136.75318526099247
3010,78.9562044605409
3022,268.7236794677824
3052,58.95758372476342
3053,152.93004385384518
3062,73.7078743402914
3066,127.77049047414391
3081,128.36493844782717
3087,351.99096873362515
3099,138.46217604733357
3117,127.04399744699965
3124,259.7232209259055
3127,326.5375190819682
3136,89.12280152521173
3138,287.5472492269996
3151,112.50437777452666
3160,419.9885865833602
3170,68.80868969428062
3176,189.69976011138388
3178,379.3735673733923
3179,162.76409140053448
3181,414.5714103745394
3184,106.09328372786092
3187,78.63306022800582
3189,376.176521647649
3191,103.35062710266679
3205,106.52171661097393
3217,126.33645428573507
3221,104.17195516360951
3226,198.4889094121606
3230,98.3882129429839
3233,114.85060222158562
3234,88.04932329172355
3235,97.5509856254147
3243,173.27339541861537
3247,227.82673057764586
3249,61.06968388162344
3264,149.44470853597684
3265,246.504602823163
3268,334.3221977147556
3271,258.3927730880259
3276,201.175143337226
3282,80.50449932989332
3286,118.26744482098003
3289,83.39856653617765
3294,153.16092002162458
3309,99.77355507783045
3315,140.11536592510458
3329,81.22553916553241
3336,53.336696132656
3346,121.05132097233258
3348,209.83023022322456
3355,122.25863258008526
3357,275.8477476250241
3359,123.03496463492093
3360,80.5838640549629
3372,127.21492529589219
3374,65.81773590421741
3377,165.61292605532753
3383,39.50772001370367
3386,175.57428899359286
3387,175.59731121934067
3389,89.86657835534812
3390,260.0238450786297
3391,190.08923719037665
3392,76.69620552814011
3424,187.5677002943599
3433,359.22628712788185
3435,83.56711064543218
3438,271.8838352078392
3439,314.13048414555135
3440,69.398876532161
3444,172.2094130155863
3446,176.78834798209084
3453,225.07284502894865
3455,379.6022175341058
3460,122.05449628304707
3462,164.06856864993253
3464,144.545787407067
3470,243.80130831339926
3471,92.23155280279212
3480,103.88383143661524
3481,186.56524928997257
3495,240.6584659111848
3497,332.3379580437748
3499,240.60716974884835
3503,255.7832028553666
3506,240.52707292278197
3508,156.0310780297901
3522,156.46223126365206
3523,445.06506290568177
3525,138.20704488325237
3534,80.2325572314221
3535,39.8414152161218
3537,41.58707005207627
3538,75.04811914575426
3540,271.85226937094575
3541,300.25697564371006
3543,260.07395702298265
3547,39.9163389351429
3552,197.00942502528193
3555,40.5911893070409
3559,264.5648580580356
3572,199.128387429559
3576,73.16864863915805
3585,105.12890702266334
3594,203.712878678818
3595,277.2250248669185
3602,92.99601117905863
3605,344.2924193741594
3611,92.64500991265258
3614,155.0011614418154
3618,101.36651614418992
3622,176.45710970558198
3630,276.69249846563866
3632,333.52548507821405
3635,125.8953519409704
3637,215.40622297065983
3641,302.94107801439486
3648,172.75704882177754
3649,51.61684635360796
3665,200.23196120117348
3667,93.19322174269819
3668,72.46633034831241
3674,148.8794790593813
3675,89.03819645934753
3689,215.48652600453877
3695,151.989616767746
3729,330.8502821675501
3733,239.06438581725118
3736,168.69695342322657
3737,58.642012107135464
3738,123.88590358522733
3740,105.27926766882138
3743,160.959457686523
3748,369.1261628190184
3751,57.540202434588586
3756,257.84840796141117
3758,274.97571264109996
3759,134.8440804585164
3761,216.5460973796092
3774,193.2785340007744
3775,124.33169571814162
3779,157.46467011487738
3784,147.48973599028562
3788,320.7197362540236
3790,178.58128017459146
3791,67.49413086831171
3792,94.42838917016094
3797,233.43336261164765
3805,235.3274363294308
3811,413.26287672566
3812,255.39871264702623
3813,221.3815317137804
3824,193.59375990475436
3826,335.24054188932996
3838,138.4536390408009
3839,100.37845713082665
3844,149.11868489456054
3847,115.78155101311565
3849,186.59507629935646
3850,205.35763256739588
3856,311.8973237161823
3857,149.08174115364773
3865,148.62804644963768
3866,259.03164300799756
3876,327.50685007304645
3879,73.13515342391712
3881,316.04975993371244
3882,127.2421956166795
3884,253.5167448412883
3887,225.39768740574294
3889,94.47717941627256
3896,100.79414022826631
3902,81.20314769415285
3905,212.79538405882107
3906,177.74575281945826
3911,387.68434736238
3923,229.4814160297652
3926,162.40376137317227
3944,104.39439851672218
3948,335.4204911477887
3951,130.41373584781073
3954,436.417153385624
3961,147.7623464011989
3964,181.2592615756207
3973,83.71556910411023
3987,91.10941581766208
3995,78.83489084329219
4002,75.75875997144603
4005,116.36136024165421
4010,339.8588923022095
4012,139.02214627109672
4013,122.11267217984216
4014,309.5271314398492
4018,131.90931510367545
4022,128.0066219413851
4042,281.4703255322049
4053,145.46017560800414
4068,315.86099277416605
4071,55.41723731553718
4096,230.3086149693327
4101,114.90598342907036
4110,206.04873936768126
4114,109.14472190898286
4120,175.09089791103804
4125,284.25168508468073
4128,71.4126554894859
4130,126.70909557891423
4134,107.02365814320305
4139,116.43508221989548
4141,231.95762430163734
4145,231.63853044191777
4152,195.90179875378624
4156,172.12902105598008
4165,224.82297080640487
4177,75.51319887817046
4178,116.49446444441571
4181,137.1973219869636
4183,93.45743770362637
4184,57.77084361822348
4194,313.88055947642977
4201,233.3293458966439
4206,253.22986406639814
4207,64.4738562289573
4214,140.62741538316834
4216,89.13649109928419
4220,192.6586125408956
4225,251.60750310212595
4231,322.11913628355745
4232,334.52735645729825
4234,80.07582212540679
4236,57.35181110944492
4251,144.7066363232594
4264,233.3089441974533
4282,458.3690739933639
4290,147.60195022968833
4292,93.22357750286021
4298,33.66211263344177
4301,249.41288991779396
4304,250.6295814327193
4305,49.19686011999856
4318,253.76249988845265
4331,216.45393538134425
4338,106.57583596965782
4341,89.62936844867951
4343,122.5326262561977
4345,202.82585597679991
4348,371.95377924940453
4352,440.79235252776095
4359,308.2232960244819
4367,77.69765452689442
4369,109.60376021192229
4376,266.528804573228
4383,153.18143575006323
4386,93.02878316436889
4389,77.4054470990229
4406,314.2159157787404
4408,45.67336783457272
4411,70.3027475899683
4412,87.06890166349756
4420,399.9191125381598
4445,225.40521922088274
4461,199.28760674472056
4471,121.62260682990254
4473,244.49891980401253
4499,96.90632279287291
4506,110.5285340928476
4513,172.28815767320728
4516,189.2759692880415
4519,20.00219847719958
4521,53.740205748654475
4529,97.05542116037859
4538,79.15498866979564
4546,82.9883196106962
4560,242.24063975339615
4562,229.48037434802788
4568,104.82693638900699
4569,323.82989519764334
4581,350.44235961880554
4589,32.89065484445769
4599,191.3697336205193
4600,72.28757067943997
4609,242.79903964247637
4612,86.49110593619721
4614,203.60954896458503
4617,321.53331272351164
4618,191.29653595250292
4634,81.77280482133875
4636,201.81246336011424
4643,222.50263059557216
4651,179.7209554187636
4655,194.4555622436429
4656,197.5483369400204
4659,57.57269200479222
4662,142.18832755287374
4669,317.0396039882891
4670,105.81798609449535
4683,108.91618706825592
4685,259.77550071769195
4692,73.56969073113356
4694,167.1719662588835
4713,233.65277159920365
4721,48.45872585934698
4726,108.30005654961741
4730,19.824795580029477
4733,89.80503602553637
4734,275.8151594597429
4737,21.000670276297093
4739,123.20586850672494
4741,83.13914314380652
4743,93.79277188976768
4747,173.78075802854607
4753,145.06476116260686
4757,440.1501909389775
4758,151.7655872370811
4769,114.20450598633978
4771,189.234967822264
4780,56.05121299037682
4783,82.75650431258423
4790,125.25362202107664
4792,364.4240231510424
4793,20.257337177164672
4798,80.38741859787949
4799,108.73259389465137
4804,47.652798224467666
4807,174.9787052826441
4813,112.9913213771936
4819,103.05915015666034
4826,163.17341891596104
4827,201.29454234369922
4828,22.92783645303012
4831,58.39070920542108
4864,87.485900402697
4865,255.89046439342556
4866,345.8789155700373
4868,143.58519367059392
4869,200.9994770024487
4870,127.7558332791569
4874,301.80917305878796
4884,131.0231407473456
4887,53.9875487421066
4892,233.73056728661604
4897,191.17531171903755
4898,434.30406555039605
4900,220.84485811623622
4915,121.18937933896933
4918,88.31583361515021
4919,118.2266635631969
4927,48.250648684984505
4931,46.04193241018695
4932,131.6493806040051
4937,355.27707705153296
4939,86.45756633978195
4940,175.88514017928338
4957,123.09425987290953
4959,314.764784593753
4965,105.30998028217283
4966,69.73134364113542
4971,345.71608784191596
4980,101.87583914902812
4984,406.24137556587056
4988,321.0303615391016
5002,377.59852509452884
5003,72.39987704365103
5006,80.3132146437849
5008,279.5374310140278
5020,201.10426423949235
5032,83.5829631539521
5036,81.55479743821483
5039,73.82338361087004
5040,47.51880856524602
5043,144.99125517882834
5045,215.50448418557383
5049,331.1549151577305
5054,236.0096658944259
5055,130.64296213067564
5056,192.56225302817248
5071,150.0636380507612
5077,212.51156687885833
5079,140.38799029961592
5081,138.98657881764476
5085,136.57660484186493
5086,113.151147141895
5087,405.6304149050261
5088,116.96991218419889
5104,170.9764625706765
5116,209.85189112926338
5122,295.2830826336159
5124,327.94932686001533
5128,122.78350041673548
5129,242.74413651992626
5130,141.61473228721232
5133,423.29159376747873
5134,224.7927322014778
5137,148.43666202899885
5157,115.01956592295328
5158,142.78227902988914
5162,54.36489191782802
5168,324.7565310142014
5173,56.832580864777384
5176,91.42179904559303
5179,295.896833121658
5192,54.76495854629623
5202,135.04462478470072
5204,199.09572559432206
5206,120.8727059501673
5209,129.6700706851257
5218,122.64935810264124
5223,51.55342840827686
5224,123.81658351932842
5228,87.8067699797729
5233,160.7890338883499
5236,356.3551282018995
5241,104.53500020616097
5251,70.56258797191717
5252,175.68757413903387
5254,120.53470642733998
5271,311.63092395608953
5274,395.5028500341664
5279,170.05262176732424
5285,338.94989314934423
5286,109.825233275107
5292,46.44612197022661
5297,176.4637871586435
5298,218.93375175046035
5301,301.2792749835795
5306,112.92831039790399
5308,78.4594240094886
5313,133.02967749159376
5315,104.34409615325688
5316,19.99998148971693
5329,58.39273373292556
5346,120.23691091153364
5350,257.93378247046417
5354,147.06835136935334
5356,328.38256168318213
5357,234.7574276213256
5361,96.07976064868325
5362,32.894345717375046
5373,131.81162664672365
5386,150.53863035439267
5397,452.0258474492121
5409,210.83544458161674
5412,134.84077078828187
5417,90.91164671513252
5422,127.61287598120401
5431,228.74521200285676
5441,333.5301702358843
5442,138.799780000544
5444,239.03479900485954
5452,251.77059927142744
5457,146.84192816038095
5458,262.59689136686325
5459,134.95145279025834
5464,154.49839929078465
5467,115.0013861982167
5473,142.44194518790775
5475,264.31489858251854
5476,152.4409385866978
5489,141.7393651002107
5491,436.1831543661709
5493,229.22422519049292
5495,153.74542869124954
5503,250.8372018887219
5508,96.10685909896827
5513,65.23520383729687
5514,237.82003952942006
5526,149.28217091509686
5527,82.10369330674165
5540,151.86530757211884
5542,210.04519376712517
5543,56.815245598905065
5549,96.89078600016532
5556,291.91501319174597
5558,61.21790290499852
5561,137.67108917387017
5565,102.37546575229536
5567,123.74646229830729
5570,141.0097115271595
5574,83.38567833993608
5582,127.35333449040999
5583,229.75537695263367
5585,81.43848052100023
5586,283.8788352095701
5587,109.39055480604314
5588,160.84669359739758
5592,151.66157350776567
5601,106.748379625299
5610,172.09277474458662
5611,162.217395859195
5612,112.40948721074379
5615,173.0012363988585
5618,214.7915221337871
5641,102.15406562130099
5646,25.74378824597195
5650,281.63271091119776
5651,155.73164423078967
5655,117.08683569474742
5659,77.05075190983698
5667,85.35594130232772
5675,162.84930409556748
5680,104.71502313408351
5683,190.33107365645884
5684,137.05044602593125
5689,207.26556242914788
5690,138.92166632174676
5692,79.59253147997448
5696,129.06473317190256
5698,182.756978735261
5718,213.90825621827253
5733,325.736040898252
5741,91.03493701243843
5748,188.619227429394
5749,142.19112045619568
5758,108.71520399935666
5768,158.57669235748455
5770,192.9013611155927
5773,134.2081311210152
5774,136.32424005531317
5782,338.00680700125196
5787,433.5985888857664
5794,153.07060745412622
5798,81.33376026145702
5801,214.81421953054496
5803,185.1460361777112
5808,367.1005861327774
5811,150.4657853981051
5815,148.6438741934005
5819,81.60932311325531
5826,165.28720141401294
5836,166.77440350948987
5838,236.8896302885151
5839,108.36562148659365
5855,126.286121160114
5858,47.511474486562975
5859,225.17567685410103
5861,66.23127978863177
5868,86.35158948912965
5869,437.8881522410814
5872,181.39975859613378
5873,69.8327071997086
5884,59.20797321608016
5887,207.4007256370697
5888,307.1737524540775
5891,106.50868982377403
5892,271.51076839143036
5929,73.74164709627188
5930,121.04209184816885
5934,142.21720727426833
5935,313.36408166736237
5946,294.09804995358013
5949,106.76723593706153
5961,93.7145052706596
5965,127.94043633721824
5966,489.0
5977,130.97601551309822
5986,85.37924032477386
5987,167.32881532144316
5990,65.12115183999174
5991,114.82221398225036
5995,46.26999138300879
5996,225.5228727278249
6006,142.28281256211943
6011,66.54883913540048
6017,120.83532605416418
6032,292.6285400766069
6033,138.3333333317949
6037,157.0115362274808
6043,105.91249572239425
6046,127.62435896505285
6049,232.7973872999322
6052,56.529841421190085
6062,282.37754428792346
6070,363.9812500303266
6072,145.76673941828946
6080,154.11047086086435
6081,88.95411253527415
6089,59.91199372699279
6091,81.40444484406318
6092,190.41241713401845
6102,312.39297221218624
6104,197.73586163432046
6109,76.40619946046901
6118,185.91382509458043
6119,78.24809066710881
6133,242.14534685401733
6139,135.14169585722328
6140,290.39315987313097
6144,245.46068702717622
6147,76.12933079107596
6150,224.62179695024048
6153,254.09269220077215
6154,91.74098480164547
6160,127.65577638884436
6162,199.32810765268096
6165,235.12753050963235
6166,259.14188372269797
6174,223.82091354369365
6182,147.35933431769377
6183,84.08553842606108
6200,208.87775638551548
6206,240.34988550677843
6217,225.64606659836
6228,367.29056219737845
6231,223.56968818836555
6247,367.29347160913727
6248,150.0806665658807
6254,131.8937578798823
6256,230.17512156205677
6257,276.31085100356927
6259,119.52862832319268
6261,339.22245993193667
6280,126.88006243313005
6281,157.68612167149766
6288,109.9145692302736
6289,279.40593760854506
6296,272.4208175388841
6303,244.49227438149995
6309,193.34798366259878
6310,168.58796089628854
6317,164.78005999574023
6320,74.14068661612048
6327,54.74921165205634
6333,82.89136507761641
6336,266.6916298376854
6337,85.85633175231466
6338,229.2817226135449
6345,288.6131386209663
6352,132.02222317710897
6353,207.67479822472492
6360,185.86841381190501
6366,268.56308790005085
6371,112.91958425606015
6378,87.50346612715578
6380,81.86136616327065
6391,104.70090921295257
6400,105.71805852407407
6403,99.41476264017982
6408,64.82251219875559
6421,205.56732914272334
6424,249.33484639616893
6434,224.6004715232181
6436,149.84058745078775
6438,262.820442022493
6439,221.4273157342015
6440,164.9675681695804
6452,112.65090585257647
6457,133.7334992573355
6464,196.78254705880394
6470,126.15741165074127
6473,250.71645174946326
6476,323.5290891959368
6478,388.5777905969749
6481,295.2919657451106
6483,96.86309371751442
6490,262.8062521938481
6506,227.26686779194446
6509,199.6931011887988
6512,442.7077097081248
6522,135.47382415668767
6524,435.85253241579693
6526,129.33541964290885
6529,96.28796140737958
6531,312.2512766199252
6532,150.9719131823471
6536,301.58146313674126
6537,119.4886972890651
6546,272.02617641719587
6549,84.41308164650451
6550,388.5188456006704
6563,173.3067187886512
6565,75.80621398306775
6570,85.8666289793747
6571,74.9362429865998
6585,160.83563395138765
6587,117.23279875337228
6588,282.93742666838375
6592,137.02598828451303
6595,132.75008834820656
6596,120.84296253527053
6600,226.22452668515933
6602,168.4520479394757
6603,299.92248996816505
6605,435.19869863491454
6609,332.13945002966295
6617,242.47764195272958
6618,365.6113608042969
6619,227.72359778704282
6620,159.9455108709292
6625,243.4353107458944
6630,69.98031211962052
6634,297.1661538194326
6637,194.1610859572266
6649,161.90975795678008
6657,123.5144557631921
6660,153.37756701609828
6661,237.66738942496121
6662,261.43745852336303
6666,339.2791948629907
6674,283.01883144470656
6679,56.27981540061549
6684,179.93885825864984
6691,140.50614152476967
6698,65.43155103714395
6700,132.36118874967676
6702,271.0622751461019
6711,121.33616198981817
6713,102.49373610281926
6739,84.98750808900358
6745,364.68859979809434
6748,82.41481040441813
6752,118.97293433077952
6757,167.36027313162617
6765,95.1481934746984
6767,107.92064356081063
6768,158.3779822083132
6787,157.7701189954585
6795,48.98265968411146
6798,476.96073101425833
6802,169.94939584335162
6815,165.41973548627294
6817,103.48763749148127
6820,89.40125998324659
6845,76.6846831394506
6852,176.097884043106
6853,72.78345658222423
6859,83.06005580123103
6861,77.1169971182675
6865,144.8421012176484
6878,60.750923115071366
6879,112.12059873443323
6880,61.45777526324409
6882,169.08249797311134
6892,50.68722950820895
6893,36.24201979935952
6896,303.9259728560516
6897,203.655709248724
6898,163.0685075564451
6908,448.21425532869983
6911,132.3350749935788
6916,268.88135602421386
6921,263.35222999070254
6925,145.04105128059055
6932,82.67175068152093
6936,449.24719248426067
6944,88.29890221771622
6951,170.04353838681004
6956,114.88048585572108
6961,115.90282652796606
6966,98.57299583897483
6968,71.76468597557361
6973,59.23777113890463
6978,256.2189582096367
6984,99.7462949545088
7022,110.3134677557431
7044,444.2742454329059
7052,78.44524320156626
7059,233.55085817740903
7062,111.83662721449471
7066,303.8707517953392
7079,131.6615022576322
7080,164.4696916502355
7096,48.87125907199156
7097,210.72138052934395
7106,149.7330090696879
7107,115.94285393706414
7109,87.87739239795
7111,182.39423340024155
7112,132.89074605895112
7113,214.7283846254203
7118,203.3406573898526
7121,140.95519460661527
7125,77.23067318700708
7134,200.7488272056007
7139,192.28909285756473
7146,148.10069153427673
7158,251.9353010232373
7163,372.4400434878762
7164,106.98939999136151
7166,248.6213421235339
7168,134.65707836104804
7170,390.7812694765712
7174,342.9474060791873
7176,126.35094757622858
7178,219.00930985670618
7182,272.1389512065751
7185,134.1105528168608
7190,260.69591005387014
7200,113.99980287479681
7209,100.71543439394972
7213,110.840003879726
7222,334.3007659639246
7227,417.02704539018833
7229,154.8391980187109
7230,163.4947743284536
7254,223.23163882641538
7257,281.9374429237208
7258,281.5629287431016
7261,135.35964255899077
7265,262.8055238950403
7272,110.3354734444995
7274,47.37539387125331
7278,110.48960919248557
7288,313.54241323232856
7290,267.1558988168255
7308,208.2338836337438
7333,489.00000000000006
7338,488.99999999999994
7347,181.81410956586987
7352,158.58029883520092
7358,64.32981861213733
7360,167.45182606249162
7362,449.25424259877707
7370,274.78875232184595
7375,341.04707658323383
7380,177.62621747435438
7386,125.61192717267164
7391,139.06972258408535
7392,20.998402587597607
7398,241.91677152198508
7407,384.76433595667663
7417,51.37422648740019
7421,140.79529945334136
7422,91.96630914822937
7427,100.40190441798836
7428,98.74422976612067
7430,236.83929007942442
7432,151.36816358555777
7435,237.34497017581796
7444,38.82293535928565
7455,165.31175380687768
7459,267.5814959699015
7460,240.66348997230926
7462,18.746906235941353
7468,139.1715582696612
7474,95.66289500925578
7479,93.1518663547787
7483,310.68989501898136
7486,65.27668082750112
7502,18.743316880986978
7503,179.60838537585585
7504,417.6560866080482
7508,52.42622863347724
7510,209.8260472321512
7514,292.4470692610332
7516,18.77922043627475
7517,94.17981091775246
7521,132.0517383489047
7527,82.49073276620256
7537,261.9660592089403
7545,259.0188119002871
7546,210.6576907814615
7549,181.3111016077495
7553,158.76857118171785
7562,87.86607272123464
7567,111.06413488287085
7568,385.04553892561955
7577,118.44365219150501
7585,225.37689914224984
7593,88.45633649862785
7602,126.24445661664564
7605,340.3644067714146
7608,24.796345209824864
7632,201.02165990979523
7637,205.99059305355803
7640,98.35379284734113
7644,87.62807915944353
7645,74.97047981988526
7657,103.52784708660842
7679,299.5690407094867
7680,139.3364740885613
7682,145.2179549464403
7691,394.744368030857
7692,489.00000000000006
7706,213.88005225084783
7708,138.49908168152388
7713,106.71160679892262
7718,91.26531332012387
7723,89.35578724745814
7728,287.22577776677423
7730,256.8165748073088
7735,236.85458632261566
7743,120.63954111160308
7746,171.35358574512313
7748,112.9450878124321
7749,129.02915185913662
7751,127.13101089302697
7753,50.65918282265801
7756,119.81495140333028
7762,159.92730799393433
7764,52.32336089977025
7765,152.88400431155054
7771,55.012084221450294
7777,210.1104974970318
7787,134.40887240954297
7788,194.61102831340224
7795,216.7885779833929
7800,300.57792438027764
7801,247.53322673933621
7818,103.47847320720123
7827,76.35024723574209
7836,138.48835185554418
7846,272.1379586004143
7849,116.42975491593963
7850,99.48480145228278
7855,151.5261314566223
7875,184.14992895458653
7884,263.37736120564387
7889,109.92974639827868
7890,255.9943187918446
7894,49.07705546619152
7901,93.51891243614318
7906,140.67420773311963
7929,127.37603705652242
7930,253.59120782811885
7933,41.97441443049526
7939,98.69568912354795
7940,202.2347637410753
7941,73.12552885792
7951,279.3235933726074
7953,168.2657447720415
7960,102.06231618472866
7961,120.05892080708611
7962,306.14238562742236
7963,213.94059821593785
7964,148.18532107529947
7966,222.0610320476863
7967,160.1085653663627
7974,131.8412634424887
7979,80.29322942078721
7984,50.71141736667308
7987,203.02232244763567
7988,94.25404365360576
7991,183.91213235647766
7995,40.571691438133804
8002,74.11267152687682
8005,117.4748810395085
8027,106.58534647271992
8030,188.48775621002153
8041,44.419109309653074
8048,120.01415389937846
8066,230.11983614880714
8096,133.45385674422704
8098,139.22968137358984
8099,192.97145760077552
8124,113.38228742120273
8140,302.30489275304546
8141,321.0301430806809
8143,310.6890168758057
8144,322.93449916055016
8145,144.86291163103027
8166,367.859925470189
8169,103.77913434300869
8170,137.23911439028112
8174,107.46292861900449
8178,353.10188274402503
8179,93.15514348957886
8186,207.04757977994862
8188,377.83464256669737
8190,382.2958434550215
8192,159.67150378904927
8194,76.16912098553799
8217,108.93709306588413
8223,45.24391958851912
8226,176.78489476093412
8248,253.146964440713
8254,209.76186661464993
8256,409.3218777153823
8262,108.88094022028997
8263,134.3063468738322
8264,72.67389951242087
8271,360.83570919500767
8280,117.8100949771901
8291,384.6122056788407
8301,265.92783382462017
8303,46.15188711032432
8307,75.3353019277028
8309,179.40317490649895
8317,251.98913161934038
8323,313.3843549000956
8344,342.3298231803385
8345,162.60310407824065
8347,203.68468799528148
8355,318.35558118031423
8367,113.93792018367876
8375,319.84023953771816
8376,286.42974467236667
8381,356.86890134648195
8396,160.88246208337785
8398,204.12690934701095
8399,171.42759065655432
8400,202.85013809626045
8401,99.40178606951659
8408,115.74885419329301
8410,148.41038542440643
8412,101.85227630698287
8427,80.20232092199234
8431,323.16128167030377
8439,123.40107233277764
8441,284.8706193453291
8443,39.31057997374334
8447,184.15585006779395
8448,175.17142327462855
8469,85.90996792877226
8472,237.06610914973908
8475,126.5998908634872
8477,131.0516725399806
8485,131.79610711813055
8487,184.02832763918025
8503,132.1084907882951
8507,171.0958679391897
8508,115.06612519135291
8511,124.35403375048256
8512,325.8967134072607
8518,277.70313102479344
8523,359.29742280795665
8525,107.21357971701259
8534,136.4851439692489
8536,244.39503747714616
8541,214.46182300029645
8542,345.54695515819134
8549,93.68948118791629
8553,138.74380333056655
8555,205.9049264916778
8559,40.200757340705785
8560,40.14432418726593
8561,87.21406426581514
8578,142.71838821201513
8579,66.83808525730365
8581,250.74459765625213
8587,298.0148061527395
8595,125.57903790026086
8608,108.79453776385216
8615,152.2755252626697
8619,247.85166824518322
8632,85.01226410943445
8633,420.5141808219707
8646,238.41090805636378
8655,100.39260164144278
8663,92.46912578687177
8665,93.2071096690443
8667,166.15609128597953
8668,42.83223065191032
8671,43.12303056690986
8673,408.0670314683584
8678,168.12046663853403
8693,314.05784326862215
8703,287.40635629544664
8708,83.5297054738202
8711,146.80703779172973
8713,134.16401540558311
8714,89.81354544412346
8716,123.94595615626592
8728,95.17381202572724
8731,47.934820724888574
8744,138.8978341398173
8746,155.79228213878872
8749,221.825408758201
8750,115.13627719784677
8751,51.49278006827234
8752,48.95236087172619
8754,146.98424841929003
8756,79.78402631470381
8761,222.26511650784738
8769,397.4078487651321
8774,399.3049267015695
8779,134.71047972215425
8780,324.36494415332544
8786,344.11659162781103
8788,119.85935183357878
8793,90.70428967962714
8796,187.10669465999206
8798,141.20415501588556
8808,307.42922783997574
8809,362.9029673294398
8827,116.38460337639312
8829,177.4833174963636
8835,89.02180387807402
8840,127.08905197399818
8850,201.33787888259727
8860,141.12741072804542
8864,286.64258708622344
8865,348.2879135684524
8872,102.11875061642571
8879,209.43784852787508
8880,100.35660074773263
8882,209.26357824870828
8883,191.9246965408168
8885,288.90371264386147
8895,124.97493600278925
8898,294.31321754494354
8902,196.07050564677198
8905,351.1449891881895
8913,375.83501947851903
8920,232.73800465109773
8939,338.2924701894422
8940,212.22366194850918
8942,200.67595618205948
8955,139.23960672833658
8961,71.17418837398814
8963,77.4571078508776
8966,193.01086583679222
8972,151.56144701973312
8976,154.97292060105144
8986,402.0180945920139
8998,144.93798266817316
9001,245.84650339597164
9003,234.68716451819037
9004,149.53347861862508
9006,147.9329629209547
9009,142.7122615181847
9018,186.7879020274119
9022,112.35590682374465
9025,107.73939883824272
9028,165.4398205737724
9033,237.9230985220801
9036,190.25211075626416
9040,193.57870069966881
9045,93.96400690198497
9051,80.31952746697819
9056,175.16548490569994
9057,222.1491078369453
9059,120.46865848993365
9061,178.87299701861028
9066,63.80066709964721
9068,234.995892447456
9071,409.1129457307229
9074,150.49543233761554
9078,160.66444962385955
9085,266.4270724499421
9114,225.81406632392216
9118,123.51853099785602
9134,148.59286761530197
9141,356.86844729895074
9143,221.5366478061174
9144,250.44252036117018
9148,109.97665976991584
9150,106.16366427636937
9152,322.2120000857206
9165,77.37762983498482
9174,68.40345565174596
9187,67.8232480920824
9188,108.795141448668
9190,139.19233722336787
9201,38.08260470564932
9204,315.8853727628453
9205,165.69242956999898
9209,302.2398425439573
9210,116.84302642433296
9213,112.67967138334359
9217,102.64814306106504
9223,109.38074667485641
9233,217.62134443671854
9238,262.08553480438593
9240,144.76994206831728
9247,35.55982139964141
9249,100.54839646089448
9253,155.33924656767473
9254,176.69939264269598
9258,107.67238792709136
9259,191.22088328482118
9262,181.57914429682077
9263,138.7705056144664
9270,279.31202798451795
9277,95.63927526906869
9290,267.8771839449098
9296,62.52561089463853
9297,61.47762499708081
9298,102.10494159552397
9304,110.17760674341116
9308,149.1670577900892
9310,66.20559031471484
9312,230.60025085358066
9319,81.81659877296653
9320,47.59504155873619
9321,118.58408353919472
9329,184.1591527534456
9333,103.99473320497376
9341,148.56777048366087
9348,77.2284956141823
9357,67.72133355979712
9388,59.81744992915724
9395,164.43707272195206
9399,183.71475595536884
9401,101.0072946507876
9402,70.24243329936066
9405,114.63526343540869
9406,112.94045193385573
9414,253.37025370580648
9415,115.43916167656816
9426,222.85131942875574
9429,124.25863239980714
9432,65.0391737821271
9436,354.10676402035597
9450,246.75164992645838
9455,96.40084206385829
9456,83.73980190885297
9459,289.2401915646686
9471,344.110875798083
9472,229.33617415175752
9476,123.969921824865
9477,69.22351613299979
9478,115.17105662519556
9479,64.71786995990446
9488,323.29595377197694
9493,73.599568944085
9495,254.30968393124925
9499,94.07759441617
9509,128.14819886956687
9511,312.8011768249809
9513,86.28145732041858
9519,248.67018544892179
9524,413.1738250191258
9527,87.80436457553337
9529,237.28861183263209
9531,278.4231548509035
9533,325.27675084369696
9537,144.95134614033375
9551,37.93399278360693
9554,332.79387581826694
9563,114.06539833950974
9574,185.85720384858718
9578,137.3278470557208
9584,112.51676044747374
9588,81.51826983805648
9589,344.104286870487
9590,72.24953706648208
9593,132.4203703750605
9626,238.91638261592573
9630,185.7079595364849
9637,338.4817556148719
9644,111.18987992818282
9645,180.8424887939331
9649,109.17510327888279
9659,113.50457101153788
9660,300.7474171760774
9663,159.7530181137979
9664,62.30780282479224
9666,97.23944702050112
9668,259.83431526322653
9674,204.00909063521885
9675,158.4241175986877
9676,344.55839158032904
9691,250.9366969256369
9692,335.44638592601706
9696,54.976832626054765
9699,92.7473061171016
9702,44.013023959231404
9706,206.91059347667502
9721,115.47213905074877
9723,384.14925134270646
9725,201.75267051449055
9727,225.47483287832773
9730,89.43162213410815
9743,281.2182679796018
9744,138.97287795007904
9746,319.71672363279566
9755,118.41166072182479
9762,86.40444622211824
9767,409.11785699195985
9774,188.78937571498912
9783,145.03301033564773
9787,177.44731754032068
9793,127.95607773348803
9799,225.1407312040451
9800,200.31512098323077
9804,183.6706084838179
9807,159.07040227980357
9808,213.22230901870387
9817,241.62818563188347
9818,219.43116579378503
9819,104.63215699857449
9824,350.092054989435
9825,57.87019724002386
9827,283.0739262797601
9829,154.50014001301685
9841,137.5723892680732
9853,263.212113606412
9857,194.34325203714926
9862,66.17649594134728
9872,158.19689967868533
9879,68.15768007588825
9881,68.26560762380117
9884,138.07900913526288
9888,96.31840968980377
9895,62.809610654097824
9897,60.537213783561434
9898,286.47915190200996
9900,132.48585775475144
9913,98.35638071104007
9914,302.508753723458
9915,114.60287920139048
9933,191.36422125046744
9936,76.9917100897842
9942,176.24697486046057
9949,315.7150173193036
9952,66.84136028940308
9958,86.09899945882903
9967,193.24907734756383
9973,339.7440184033239
9974,474.30905815657917
9975,332.1343656535351
9980,110.44338857439921
9982,129.1120493174892
9984,163.92205701118806
9986,60.96924130849007
9990,181.8601591187492
9992,47.384251387661386
9999,99.57605535729137
10004,125.43796159689708
10014,125.94846944471836
10015,47.407822661584184
10016,148.673939806674
10017,212.17604208630723
10023,146.74570547531977
10026,233.79919552607092
10027,234.4007505002756
10031,295.4874504082285
10041,404.7152022504278
10043,66.36645086667637
10047,374.153052733102
10048,79.23306378908971
10049,98.55359672661207
10052,161.32844712175634
10055,137.8982260089056
10056,250.3071818270281
10061,212.5601993645209
10064,151.3951074811483
10065,86.32269230313025
10073,157.24622251314875
10077,166.64519245840035
10081,236.9826009566374
10083,246.94307088586874
10090,360.2992912320247
10100,154.74124581108845
10105,268.6983901054315
10136,89.38154996782836
10138,72.23212253809555
10153,69.12493147987888
10157,255.17512494756636
10160,96.94499971081999
10163,193.82297340753277
10176,403.15182026169987
10177,403.38408965918296
10182,342.1921988009995
10190,397.93778784527603
10192,115.45210601783394
10197,209.4703595052212
10203,254.95417935350363
10207,270.5946239357958
10221,288.63586623994695
10231,258.68861402525897
10233,51.65805329661513
10237,78.94940144772505
10248,300.51867621172624
10250,381.3835958700896
10260,273.5782438938896
10261,139.40517295664614
10264,141.48243209112147
10274,98.21882905841704
10282,108.22828122931034
10290,206.88494702491258
10301,297.1390976967334
10314,87.45808591391345
10321,85.80544688792777
10325,229.0473946920652
10330,101.20593889022832
10340,64.70356974053333
10350,76.2598217636745
10356,178.19142510946097
10357,190.73628517529275
10359,311.16952087467297
10366,76.70996065617922
10371,126.31083786119198
10378,147.91763710986828
10379,228.00106106456997
10381,211.41869169084418
10383,84.04030974471827
10396,269.17042251079926
10402,174.0609166627533
10403,204.3814340025998
10417,185.8408929479748
10421,160.4329894033649
10436,176.99539015658326
10437,43.26341631670929
10441,59.14935686343685
10445,194.42636194883084
10472,481.2325594773622
10473,426.08587013622616
10496,488.99999999999994
10517,234.91330505732427
10522,142.933208558135
10528,60.264839227325744
10530,310.66159484728024
10533,322.9616136241204
10540,145.33632067581334
10552,236.98536504794788
10553,54.73319524443139
10560,130.34211901511412
10561,119.23755503010395
10565,153.5492383636604
10574,90.21005251217102
10595,78.45148425127148
10600,85.67446710405605
10602,99.70295843855034
10606,154.08605316082964
10607,145.36716467999653
10618,250.04421449129197
10623,116.93681759226723
10624,196.3589652471098
10633,294.21120490407384
10637,435.3304816841088
10639,75.54682453006863
10654,115.64141634237279
10658,122.35495982537728
10661,198.68700714976137
10664,268.9299323013579
10671,20.496407359867636
10673,238.0054501581888
10674,184.29651763472555
10680,272.55777163276576
10681,146.15943378508123
10693,222.93762172374988
10698,33.87170829704752
10708,121.24225067872378
10709,88.70061945274806
10723,185.64183362442395
10727,295.2320739419324
10733,95.37650877648674
10740,300.5598143664525
10759,278.5943496124845
10772,153.83024071271612
10776,39.34618853404814
10781,371.8391071199433
10784,201.21858312135078
10788,201.2188154292752
10794,118.17672853366041
10800,184.74685187681825
10805,150.68170484302277
10820,295.9701054031731
10821,119.46983607109102
10823,81.82638769348688
10828,145.33493318830023
10832,343.86742283357626
10833,242.3900905187396
10836,342.69512006344127
10843,117.28514704282685
10844,118.17710583992938
10848,380.4093796361633
10850,151.40197168175558
10865,148.30488217794414
10866,116.92888334904089
10874,141.3980016428331
10886,266.1382271839147
10897,368.13490255212554
10902,366.1595770945669
10912,75.81402328166122
10914,347.1775404477311
10916,70.36355790003736
10934,186.52804926458015
10939,49.06753876412929
10942,235.59061704983597
10943,115.18684861912396
10948,200.32959719398795
10953,154.88237094791953
10957,326.8852779007047
10958,409.1204264974225
10959,358.31502401140693
10968,219.91513760874122
10986,291.75998877886565
10989,232.19860881228502
10992,258.14706237302624
10994,191.68835315704177
11007,126.05405187527798
11013,300.35128562900576
11034,151.65555700652382
11041,278.68698623232746
11045,192.08596274857703
11049,295.80269205242826
11063,390.7607805011264
11065,80.61976307998896
11066,42.71661365624862
11073,154.91775707047077
11075,374.38199074537636
11094,109.86167293778401
11099,109.62249835444958
11102,132.07677459579043
11103,170.7049527703533
11104,203.88244776512929
11111,253.36176060742895
11116,105.00691863655413
11119,103.60664510037888
11120,260.3285657309194
11121,294.496796249293
11123,353.2212476184728
11130,296.4373028260491
11133,199.85337563018967
11137,289.2350538065636
11138,238.7820452179802
11143,252.9622592243773
11150,319.24442295169575
11153,43.15974885431276
11154,160.2664676246619
11156,118.73057892945687
11157,157.06502621059073
11161,110.43886300907306
11165,209.08463812437245
11174,71.27099353084421
11184,267.0448172046004
11186,174.95436561206702
11188,332.47556024028506
11189,343.36589176438474
11210,222.1197645105415
11218,231.28542551047238
11230,222.80636976708453
11244,146.6347031061697
11245,300.5316208868318
11246,122.83241033705004
11248,258.7723195966921
11276,294.4136806848758
11278,362.0020401784189
11282,285.71709808448014
11288,324.2411054581297
11301,152.87902849647602
11312,147.32830971348545
11315,133.24207826099172
11319,172.73786884320253
11321,303.58059466826876
11327,342.78866043192437
11332,61.67718421963825
